year,moisture,nh4,no3,dnra,min,nitr,crop,type,mnum,sampID,nlevel,prepost,ntime,pH_DI,type2,type3,mxgN,n2oavg,nn2o,an2o,n15n2o,a15n2o
2016,0.193069307,0.403128245,0.14,0.024563963,0.101632046,0.355615098,corn,annual,,BC PG 11,,,,6.2,Conventional,Corn,,0.004241622,-0.000143563,0.008626807,0.003514161,0.013098578
2016,0.239010989,0.738893048,0.16,,0.204639657,,corn,annual,,BC PG 12,,,,6.62,Conventional,Corn,,0.020670042,0.021686617,0.019653467,0.050988637,0.029559719
2016,0.230914232,0.905013602,0.23,,0.225913442,,corn,annual,,BC PG 13,,,,7.23,Conventional,Corn,,0.046010207,0.060958622,0.031061792,0.102275033,0.042005519
2016,0.19265144,0.788979038,0.29,,0.187322129,,corn,annual,,BC PG 14,,,,7.14,Conventional,Corn,,0.007776331,0.010076691,0.005475972,0.010431727,0.007223349
2016,0.185741088,0.462585245,3.45,,,,corn,annual,,BC PG 22,,,,6.67,Conventional,Corn,,0.007616372,0.006318189,0.008914555,,
2016,0.193957115,0.56776947,0.71,0.480043279,0.133139682,0.151702633,corn,annual,,BC PG 23,,,,7.23,Conventional,Corn,,0.007855942,0.012581795,0.003130089,0.017456726,0.002603887
2016,0.129943503,0.777833599,0.73,0.138653319,0.081932197,0.26436936,corn,annual,,BC PG 24,,,,7.08,Conventional,Corn,,0.007499266,0.013428544,0.001569988,0.001186494,0.00075777
2016,0.17903525,0.563994127,0.07,0.266818806,0.165605102,0.354828509,corn,annual,,BC PG 31,,,,6.58,Conventional,Corn,,0.052112174,0.055044535,0.049179813,0.069455363,0.08530444
2016,0.193905817,0.504707609,0.22,0.039164742,0.045420916,0.081730326,corn,annual,,BC PG 32,,,,6.45,Conventional,Corn,,0.049430038,0.084610113,0.014249962,0.092298292,0.035950292
2016,0.186523438,0.495417596,0.2,0.074967546,0.200386197,0.155691477,corn,annual,,BC PG 33,,,,6.38,Conventional,Corn,,0.009714436,0.012881813,0.00654706,0.007064204,0.015041752
2016,0.194656489,0.977619953,0.38,0.151277464,0.199086009,0.120308977,corn,annual,,BC PG 34,,,,7.04,Conventional,Corn,,0.045260584,0.063822146,0.026699021,0.083285126,0.034716353
2016,0.204162537,0.469356879,0.64,0.1960029,0.11192108,0.259405294,corn,annual,,BC PG 41,,,,6.47,Conventional,Corn,,0.003644933,0.00560492,0.001684945,0.000212688,0.001250595
2016,0.17254902,0.456343101,0.91,0.31682141,0.106350425,0.197994747,corn,annual,,BC PG 42,,,,6.17,Conventional,Corn,,0.001097676,0.001541668,0.000653685,0.002007872,0.00082718
2016,0.179316888,0.495073602,1.44,0.534272495,0.150358993,0.212407239,corn,annual,,BC PG 43,,,,6.62,Conventional,Corn,,0.000946658,0.000776768,0.001116547,0.000255741,0.00134487
2016,0.194280079,0.53270471,5.83,,0.151271554,0.283826187,corn,annual,,BC PG 44,,,,6.46,Conventional,Corn,,0.003220088,0.002014802,0.004425375,0.002149365,0.001666459
2016,0.215932914,0.438062475,8.76,0.510172459,2.497480379,,corn,annual,,BC PP 11,,,,6.61,Conventional,Corn,,0.000220819,0.000779074,-0.000337436,0.0026388,0.000292352
2016,0.222330097,0.489416287,10.81,1.189948112,5.077516648,5.831415423,corn,annual,,BC PP 12,,,,6.97,Conventional,Corn,,0.000834845,0.00186617,-0.00019648,0.002497008,0.00068377
2016,0.228228228,0.483312351,6.58,0.767947736,5.256564901,0.917834628,corn,annual,,BC PP 13,,,,7,Conventional,Corn,,-0.00060456,0.000198911,-0.001408031,9.05E-05,0.000423905
2016,0.215704825,0.62676497,8.22,0.570360415,2.491235749,,corn,annual,,BC PP 14,,,,6.76,Conventional,Corn,,-0.000303084,0.000539726,-0.001145895,0.000258587,0.000521858
2016,0.210161663,0.321915986,11.51,,,,corn,annual,,BC PP 21,,,,5.97,Conventional,Corn,,0.001062382,0.000388637,0.001736126,0.001516976,
2016,0.21641791,0.588774824,9.14,0.966577208,,4.106948658,corn,annual,,BC PP 22,,,,6.31,Conventional,Corn,,0.00092855,0.000821513,0.001035587,0.003125777,
2016,0.120044053,0.384203875,5.35,0.445155373,,,corn,annual,,BC PP 23,,,,6.4,Conventional,Corn,,0.000868695,0.000379414,0.001357977,0.001588066,0.001289272
2016,0.21385902,0.493453822,10.34,,,,corn,annual,,BC PP 24,,,,6.45,Conventional,Corn,,0.001167475,0.001448982,0.000885969,0.000556108,
2016,0.207017544,7.500141017,67.55,,34.66348152,,corn,annual,,BC PP 31,,,,5.97,Conventional,Corn,,0.006835873,0.007332441,0.006339305,0.001321094,0.000964907
2016,0.208098988,0.823975596,8.43,1.179037069,0.024416788,,corn,annual,,BC PP 32,,,,6.11,Conventional,Corn,,0.028551345,0.024020207,0.033082482,0.001845961,0.002936054
2016,0.22247191,0.233113024,7.64,0.217966711,0.024710856,,corn,annual,,BC PP 33,,,,6.31,Conventional,Corn,,0.012370262,0.006632373,0.018108151,0.000381424,0.001409858
2016,0.215707965,0.087593293,5.44,0.302081041,4.269015857,5.893963952,corn,annual,,BC PP 34,,,,6.46,Conventional,Corn,,0.002157184,0.002100966,0.002213401,0.000622552,0.000669606
2016,0.198412698,1.488014331,4.67,0.317944398,,2.377282604,corn,annual,,BC PP 41,,,,5.41,Conventional,Corn,,0.004100185,0.003874036,0.004326333,0.001738081,
2016,0.235227273,1.902880982,8.89,0.788315428,,14.41414873,corn,annual,,BC PP 42,,,,5.48,Conventional,Corn,,0.009823294,0.011743988,0.0079026,0.015363878,
2016,0.212923729,1.632255627,6.72,,,,corn,annual,,BC PP 43,,,,5.73,Conventional,Corn,,0.0072437,0.007513617,0.006973784,0.003321233,0.004981848
2016,0.207087486,2.771717453,6.78,,,,corn,annual,,BC PP 44,,,,5.69,Conventional,Corn,,0.007470254,0.009446958,0.00549355,0.003081984,0.004841759
2017,0.147347741,16.0323712,70.96,9.323260685,,0.592347165,corn,annual,,EF CSR 1,,efpre1,,4.94,Conventional,Soy,,0.003982137,0.004376337,0.003587936,,
2017,0.176063304,10.05904311,21.79,5.438053049,,,corn,annual,,EF CSR 1,,efpost1,,4.97,Conventional,Soy,,0.005506642,0.007128089,0.003885195,,
2017,0.14245283,6.416933593,68.73,11.84945349,,,corn,annual,,EF CSR 2,,efpre1,,5.1,Conventional,Soy,,0.001848974,0.001878128,0.00181982,,
2017,0.171456888,2.488088446,43.86,9.166055075,,,corn,annual,,EF CSR 2,,efpost1,,5.4,Conventional,Soy,,0.005496483,0.004890264,0.006102701,,
2017,0.156761413,3.146038287,45.47,,,,corn,annual,,EF CSR 3,,efpre1,,5.34,Conventional,Soy,,0.004748703,0.00283642,0.006660986,,
2017,0.177865613,26.22967875,100.25,,,,corn,annual,,EF CSR 3,,efpost1,,5.1,Conventional,Soy,,0.018887887,0.027453076,0.010322699,,
2017,0.151885831,7.337443785,97.81,,,,corn,annual,,EF CSR 4,,efpre1,,5.51,Conventional,Soy,,0.003605284,0.003389303,0.003821266,,
2017,0.173741362,6.344885763,49.05,,,,corn,annual,,EF CSR 4,,efpost1,,5.6,Conventional,Soy,,0.008285386,0.00891145,0.007659321,,
2017,0.130391174,0.684066127,0.01,0.48247877,,0.114649911,mxg,perennial,,EF Fmxg 1,,efpre4,,5.56,Perennial,Miscanthus,,0.000568621,0.000630353,0.00050689,,
2017,0.156555773,0.732391203,0,0.799479142,,,mxg,perennial,,EF Fmxg 1,,efpost4,,5.19,Perennial,Miscanthus,,0.001057945,0.001153544,0.000962346,,
2017,0.130434783,0.735936657,0.02,1.008567711,,0.230209304,mxg,perennial,,EF Fmxg 2,,efpre4,,5.37,Perennial,Miscanthus,,0.000669516,0.000657914,0.000681117,,
2017,0.148148148,1.424413317,0.14,4.471634813,,0.575684765,mxg,perennial,,EF Fmxg 2,,efpost4,,5.31,Perennial,Miscanthus,,0.001948302,0.001303451,0.002593154,,
2017,0.147637795,0.872544263,0.08,0.737598785,,0.37123584,mxg,perennial,,EF Fmxg 3,,efpre4,,5.72,Perennial,Miscanthus,,0.003727055,0.006507445,0.000946664,,
2017,0.160037879,0.787188234,0.08,1.254513248,,0.326365217,mxg,perennial,,EF Fmxg 3,,efpost4,,5.6,Perennial,Miscanthus,,0.001493034,0.002095852,0.000890216,,
2017,0.165680473,3.472675433,0.12,,,0.949605613,mxg,perennial,,EF Fmxg 4,,efpre4,,5.36,Perennial,Miscanthus,,0.002751979,0.002781396,0.002722562,,
2017,0.169617894,1.508765315,0.09,2.78893809,,0.156887984,mxg,perennial,,EF Fmxg 4,,efpost4,,5.38,Perennial,Miscanthus,,0.003467425,0.006435382,0.000499468,,
2016,0.156807512,0.035229845,0.21,,0.210142134,0.50522632,soy,annual,,EF PF 11,,,,5.75,Conventional,Soy,,0.002498157,0.004181986,0.000814329,,
2016,0.153913043,0.005189634,0.11,,0.727457694,,soy,annual,,EF PF 12,,,,5.58,Conventional,Soy,,0.00050353,0.000639878,0.000367181,,
2016,0.167424242,0.005372466,0.02,0.18060522,1.367508305,,soy,annual,,EF PF 13,,,,6.12,Conventional,Soy,,0.033082757,0.035149593,0.03101592,,
2016,0.155993432,0.003308217,0.04,0.098571061,0.941486322,,soy,annual,,EF PF 14,,,,5.79,Conventional,Soy,,0.004078727,0.007400923,0.000756531,,
2016,0.189765458,0.006650415,0,,1.361588323,,mxg,perennial,,EF PF 21,,,,5.79,Perennial,Miscanthus,,0.049504491,0.08158694,0.017422042,,
2016,0.176804542,0.00733566,0,,1.430212897,,mxg,perennial,,EF PF 22,,,,5.87,Perennial,Miscanthus,,0.163927585,0.2434285,0.084426669,,
2016,0.192194404,0.005559479,0,,0.650628086,,mxg,perennial,,EF PF 23,,,,5.58,Perennial,Miscanthus,,0.114116909,0.192784181,0.035449637,,
2016,0.19047619,0.007487703,0,,1.248365454,,mxg,perennial,,EF PF 24,,,,5.63,Perennial,Miscanthus,,0.150098758,0.257556096,0.042641421,,
2016,0.178892216,0.005131107,0,,0.961065974,,mxg,perennial,,EF PF 31,,,,5.73,Perennial,Miscanthus,,0.117769778,0.179092838,0.056446718,,
2016,0.196943973,0.007890959,0,,0.835789541,,mxg,perennial,,EF PF 32,,,,5.72,Perennial,Miscanthus,,0.022895652,0.036580627,0.009210678,,
2016,0.203852327,0.010990307,0,,1.285459312,,mxg,perennial,,EF PF 33,,,,5.83,Perennial,Miscanthus,,0.185853414,0.306969954,0.064736874,,
2016,0.192435302,0.008457484,0,,1.30167601,,mxg,perennial,,EF PF 34,,,,5.79,Perennial,Miscanthus,,0.227465256,0.36942606,0.085504452,,
2016,0.169336384,0.008217386,0,,0.342734919,,pv,perennial,,EF PF 41,,,,5.97,Perennial,Switchgrass,,0.040302398,0.062357712,0.018247084,,
2016,0.173383318,0.00733964,0,,1.177349817,,pv,perennial,,EF PF 42,,,,5.86,Perennial,Switchgrass,,0.028958395,0.048151874,0.009764917,,
2016,0.178597252,0.008564976,0,,1.089982083,,pv,perennial,,EF PF 43,,,,5.94,Perennial,Switchgrass,,0.059475796,0.094647805,0.024303787,,
2016,0.197115385,0.006772725,0,,0.809735396,,pv,perennial,,EF PF 44,,,,5.72,Perennial,Switchgrass,,0.037833325,,0.037833325,,
2016,0.114075437,0.595263957,0.47,,3.006784971,,soy,annual,,EF PG 11,,,,5.68,Conventional,Soy,,0.000561945,0.000201977,0.000921913,8.91E-05,0.001568738
2016,0.099082569,0.535581074,0.42,0.05764666,3.740607043,2.192029386,soy,annual,,EF PG 12,,,,5.12,Conventional,Soy,,0.000940066,0.001022659,0.000857473,0.000122038,0.000608216
2016,0.115749526,0.541281772,0.39,,2.666876747,,soy,annual,,EF PG 13,,,,5.46,Conventional,Soy,,0.000744655,0.000482891,0.00100642,0.000141381,0.001035438
2016,0.126838235,0.614761436,0.43,0.053987176,3.158218637,0.498908988,soy,annual,,EF PG 14,,,,5.36,Conventional,Soy,,0.000365469,1.46E-05,0.000716312,7.54E-05,0.000823692
2016,0.132820019,0.714554407,0.11,,4.983710593,,mxg,perennial,,EF PG 21,,,,5.37,Perennial,Miscanthus,,0.000561362,0.000408198,0.000714525,,0.000670053
2016,0.118762475,0.650994891,0.12,,4.833523705,,mxg,perennial,,EF PG 22,,,,5.13,Perennial,Miscanthus,,0.000659545,0.00081887,0.00050022,,0.000503609
2016,0.111434109,0.588077449,0.09,,2.840448974,,mxg,perennial,,EF PG 23,,,,5.35,Perennial,Miscanthus,,-0.007583443,0.000639739,-0.015806626,,-0.000814704
2016,0.134020619,0.498982913,0.03,,3.115505691,,mxg,perennial,,EF PG 24,,,,5.03,Perennial,Miscanthus,,0.001085146,0.001175435,0.000994857,0.000254474,0.000996475
2016,0.117647059,0.379310567,0.07,,1.514370196,,mxg,perennial,,EF PG 31,,,,5.33,Perennial,Miscanthus,,0.001107941,0.001517473,0.00069841,,0.001750936
2016,0.118725869,0.45835686,0.06,,3.37161114,,mxg,perennial,,EF PG 32,,,,5.32,Perennial,Miscanthus,,0.001226152,0.000823057,0.001629247,,0.000569771
2016,0.112185687,0.331536382,0.06,0.056471015,1.940378991,0.572105014,mxg,perennial,,EF PG 33,,,,5.18,Perennial,Miscanthus,,0.001173091,0.000843625,0.001502557,0.000177643,0.000515603
2016,0.129489603,0.418913235,0.15,,2.768011712,,mxg,perennial,,EF PG 34,,,,5.43,Perennial,Miscanthus,,0.000619726,0.000687462,0.000551991,0.000125416,0.000783249
2016,0.144612476,0.815616026,0.07,,3.630463533,,pv,perennial,,EF PG 41,,,,5.23,Perennial,Switchgrass,,0.00150556,0.001809507,0.001201614,,0.000849626
2016,0.162812211,1.001386482,0.05,,4.587506888,,pv,perennial,,EF PG 42,,,,5.43,Perennial,Switchgrass,,0.000299362,0.000509057,8.97E-05,,0.000569202
2016,0.135885167,1.131013245,0.12,,5.602242369,,pv,perennial,,EF PG 43,,,,5.31,Perennial,Switchgrass,,0.001343664,0.001002522,0.001684806,,0.004828999
2016,0.166204986,1.314225628,0.11,,6.164648668,,pv,perennial,,EF PG 44,,,,5.21,Perennial,Switchgrass,,0.00197148,0.001818781,0.002124179,,0.001606443
2016,0.177205882,3.894106212,3.89,2.727513448,0.974692067,5.566932648,soy,annual,,EF PP 11,,,,5.66,Conventional,Soy,,0.006319789,0.002968826,0.009670753,0.005444353,0.001172437
2016,0.15582559,0.592734812,14.1,0.315907833,2.037825291,19.85783669,soy,annual,,EF PP 12,,,,5.61,Conventional,Soy,,0.001086799,1.46E-05,0.002158956,0.00074394,0.000513601
2016,0.157120743,0.32086594,7.42,0.23254719,1.848616554,,soy,annual,,EF PP 13,,,,5.8,Conventional,Soy,,0.001988412,0.006656985,-0.00268016,0.007525017,0.000506904
2016,0.173680184,0.499878572,8.8,0.095574141,2.025478812,3.299368703,soy,annual,,EF PP 14,,,,5.72,Conventional,Soy,,-0.000980191,0.001475026,-0.003435409,0.001622796,0.000173486
2016,0.165584416,1.052796018,0.12,,4.73868212,,mxg,perennial,,EF PP 21,,,,5.18,Perennial,Miscanthus,,0.088535154,0.004314216,0.172756093,,0.002735613
2016,0.203558719,1.660510694,0.3,,6.534026114,,mxg,perennial,,EF PP 22,,,,5.19,Perennial,Miscanthus,,0.189012322,0.288329811,0.089694832,,0.022366479
2016,0.195494771,2.31537653,0.16,,,,mxg,perennial,,EF PP 23,,,,5.21,Perennial,Miscanthus,,0.154299779,0.240506404,0.068093155,,0.021511673
2016,0.153903346,0.734974823,0.16,,5.391355735,,mxg,perennial,,EF PP 24,,,,5.23,Perennial,Miscanthus,,0.060497658,0.084088995,0.03690632,,0.010464571
2016,0.205065359,0.077427111,0.13,,4.495350898,,mxg,perennial,,EF PP 31,,,,5.36,Perennial,Miscanthus,,0.097374947,0.157371308,0.037378585,,0.031988283
2016,0.179061372,0.771884602,0.15,,5.817384368,,mxg,perennial,,EF PP 32,,,,5.46,Perennial,Miscanthus,,0.041121829,0.068961159,0.0132825,,0.005910438
2016,0.163884674,0.432274588,0.14,0.051871442,2.046821189,0.767962348,mxg,perennial,,EF PP 33,,,,5.26,Perennial,Miscanthus,,0.004908308,0.007382134,0.002434482,0.004161075,0.000480094
2016,0.168649405,0.514202061,0.07,,3.778905152,,mxg,perennial,,EF PP 34,,,,5.3,Perennial,Miscanthus,,0.066861428,0.109387466,0.024335389,,0.007893597
2016,0.176470588,2.209332493,1.44,0.578999805,6.127874735,1.697541648,pv,perennial,,EF PP 41,,,,5.47,Perennial,Switchgrass,,0.049870231,0.081209741,0.018530721,0.144424452,0.007831747
2016,0.165665236,1.193270302,2.32,,1.990681988,,pv,perennial,,EF PP 42,,,,5.51,Perennial,Switchgrass,,0.016756273,0.023842626,0.00966992,0.055282835,0.00153756
2016,0.172413793,1.352095118,1.14,,8.873913091,,pv,perennial,,EF PP 43,,,,5.64,Perennial,Switchgrass,,0.018544492,0.021783705,0.01530528,0.025595115,0.002869536
2016,0.166408669,1.18140027,1.27,,6.442621791,,pv,perennial,,EF PP 44,,,,5.3,Perennial,Switchgrass,,0.009840685,0.013147722,0.006533648,0.0162226,0.001592355
2017,0.125,0.90282372,0.11,,,0.406907708,pv,perennial,,EF pv 1,,efpre3,,5.51,Perennial,Switchgrass,,0.000329565,0.000150063,0.000509067,,
2017,0.138643068,1.13803552,0.03,0.849658249,,,pv,perennial,,EF pv 1,,efpost3,,5.44,Perennial,Switchgrass,,0.002090721,0.001631714,0.002549729,,
2017,0.102392344,0.992581959,0.06,,,0.161584603,pv,perennial,,EF pv 2,,efpre3,,5.7,Perennial,Switchgrass,,6.92E-05,-3.85E-05,0.000176913,,
2017,0.14537037,1.196880521,0.11,,,,pv,perennial,,EF pv 2,,efpost3,,5.5,Perennial,Switchgrass,,0.000992576,0.000467646,0.001517506,,
2017,0.117142857,0.903956638,0.24,,,1.513769002,pv,perennial,,EF pv 3,,efpre3,,5.35,Perennial,Switchgrass,,0.000581071,0.000617188,0.000544953,,
2017,0.15509039,1.335905165,0.27,2.96749854,,0.918286616,pv,perennial,,EF pv 3,,efpost3,,5.14,Perennial,Switchgrass,,0.001722581,0.003180169,0.000264993,,
2017,0.127102804,0.931773843,0.12,,,0.219832861,pv,perennial,,EF pv 4,,efpre3,,5.23,Perennial,Switchgrass,,0.000887247,0.000891379,0.000883115,,
2017,0.151936445,1.306368498,0.13,,,,pv,perennial,,EF pv 4,,efpost3,,5.28,Perennial,Switchgrass,,0.004182255,0.001320247,0.007044263,,
2017,0.178671656,40.15520811,37.08,,,,corn,annual,,EF TILL 1,,efpre2,,5.07,Conventional,Corn,,0.003104477,0.001601464,0.00460749,,
2017,0.183830606,23.23649785,29.53,,,,corn,annual,,EF TILL 1,,efpost2,,4.9,Conventional,Corn,,0.015352907,,0.015352907,,
2017,0.138996139,46.70265581,51.85,,,,corn,annual,,EF TILL 2,,efpre2,,5.28,Conventional,Corn,,0.006509036,0.001284062,0.011734011,,
2017,0.164292498,19.51116957,36.57,,,,corn,annual,,EF TILL 2,,efpost2,,5.15,Conventional,Corn,,0.032833851,0.04698569,0.018682013,,
2017,0.146567718,24.47012446,62.63,,,,corn,annual,,EF TILL 3,,efpre2,,4.95,Conventional,Corn,,0.009933778,0.015157722,0.004709834,,
2017,0.187561698,39.10594275,52.01,,,,corn,annual,,EF TILL 3,,efpost2,,5.05,Conventional,Corn,,0.015290812,0.006905566,0.023676058,,
2017,0.144424132,14.94444642,29.07,6.487460492,,,corn,annual,,EF TILL 4,,efpre2,,5.11,Conventional,Corn,,0.003040965,0.004582252,0.001499678,,
2017,0.172804533,15.70728789,32.05,,,,corn,annual,,EF TILL 4,,efpost2,,5.51,Conventional,Corn,,0.048296784,0.07148957,0.025103997,,
2017,0.129353234,0.925207441,0.01,,,0.159126799,mxg,perennial,,EF Umxg 1,,efpre5,,5.48,Perennial,Switchgrass,,0.000445745,0.0008393,5.22E-05,,
2017,0.148148148,0.691324838,0.01,1.831668846,,,mxg,perennial,,EF Umxg 1,,efpost5,,5.23,Perennial,Switchgrass,,0.002060228,0.003115881,0.001004575,,
2017,0.14382896,0.729063255,0.05,,,,mxg,perennial,,EF Umxg 2,,efpre5,,5.86,Perennial,Switchgrass,,0.000853376,0.001613203,9.35E-05,,
2017,0.159851301,0.831126637,0.2,0.97234152,,1.014814777,mxg,perennial,,EF Umxg 2,,efpost5,,5.37,Perennial,Switchgrass,,0.001124279,,0.001124279,,
2017,0.136811024,0.783677542,0.01,,,0.054032095,mxg,perennial,,EF Umxg 3,,efpre5,,5.55,Perennial,Switchgrass,,0.001573154,0.002356958,0.00078935,,
2017,0.16407767,1.149929645,0.77,,,,mxg,perennial,,EF Umxg 3,,efpost5,,5.46,Perennial,Switchgrass,,0.001420947,0.001081059,0.001760835,,
2017,0.159880834,1.192626815,0.08,,,,mxg,perennial,,EF Umxg 4,,efpre5,,5.45,Perennial,Switchgrass,,0.002966047,0.00492717,0.001004924,,
2017,0.16585839,0.912327082,0.15,0.717000377,,0.376016605,mxg,perennial,,EF Umxg 4,,efpost5,,5.44,Perennial,Switchgrass,,0.000685052,0.000997441,0.000372662,,
2018,0.250733138,0.711225031,4.584910885,0.246815841,8.779472252,,soy,annual,4,N1-1,1,,1,5.6375,Conventional,Soy,,0.126461607,0.113261971,0.139661243,0.130017289,0.018815656
2018,0.202586207,0.570315101,6.56639774,0.894341951,4.902242665,10.85226746,soy,annual,2,N1-1,1,,16,5.6375,Conventional,Soy,,0.000787223,0.000292386,0.00128206,0.000261022,0.000240153
2018,0.308853119,1.950539059,4.637163898,,3.763274627,,soy,annual,1,N1-1,1,,16,5.6375,Conventional,Soy,,1.266534484,2.114232002,0.418836966,,0.044967186
2018,0.1558669,0.525870184,3.004993923,0.042366674,4.250618483,6.317722077,soy,annual,3,N1-1,1,,16,5.6375,Conventional,Soy,,0.000207566,-0.000639711,0.001054843,,
2018,0.241655541,1.215543495,4.584910885,,8.897301113,,soy,annual,5,N1-1,1,,16,5.6375,Conventional,Soy,,0.294643496,0.305499461,0.283787531,,
2018,0.241264559,1.008804019,3.626750241,0.118742248,4.53192371,0.446945543,soy,annual,4,N1-2,1,,1,5.6375,Conventional,Soy,,0.123200913,0.141687532,0.104714294,0.114323687,0.018460951
2018,0.214145383,0.598437027,9.630815342,1.365362945,4.488205177,,soy,annual,2,N1-2,1,,16,5.6375,Conventional,Soy,,0.015649658,0.002012152,0.029287165,0.002855186,0.001492448
2018,0.297345133,0.991168646,8.871792295,,7.842605957,,soy,annual,1,N1-2,1,,16,5.6375,Conventional,Soy,,0.931637725,1.260032955,0.603242495,,-0.000594481
2018,0.155021834,0.699849052,8.244557372,0.066078711,4.105210016,8.76921691,soy,annual,3,N1-2,1,,16,5.6375,Conventional,Soy,,1.94E-06,0.000158645,-0.000154764,,
2018,0.214814815,0.778515182,3.626750241,,2.776813582,,soy,annual,5,N1-2,1,,16,5.6375,Conventional,Soy,,0.021999829,0.020267707,0.023731951,,
2018,0.205040092,0.963006861,5.136217682,0.0706082,10.12925666,0.360056549,soy,annual,4,N1-3,1,,1,5.6375,Conventional,Soy,,0.090611642,0.037074998,0.144148285,0.042764836,0.034903876
2018,0.190743338,0.500324475,6.28962993,0.709430735,6.01864599,,soy,annual,2,N1-3,1,,16,5.6375,Conventional,Soy,,0.008199072,0.010423602,0.005974542,0.011727197,0.00129616
2018,0.319060773,1.819924252,9.185239446,,7.153959905,,soy,annual,1,N1-3,1,,16,5.6375,Conventional,Soy,,2.330116161,1.908661101,2.751571221,,-0.000861663
2018,0.138075314,0.88973392,8.294840054,0.068796699,5.362326949,2.567351385,soy,annual,3,N1-3,1,,16,5.6375,Conventional,Soy,,0.000134563,0.000283389,-1.43E-05,,
2018,0.23216445,0.928145787,5.136217682,,8.770272816,,soy,annual,5,N1-3,1,,16,5.6375,Conventional,Soy,,0.165936992,0.118038891,0.213835094,,
2018,0.226950355,0.893522245,5.539745119,0.119199376,8.671388188,3.765165206,soy,annual,4,N1-4,1,,1,5.6375,Conventional,Soy,,0.24158193,0.189359885,0.293803975,0.155539734,-0.000709266
2018,0.168986083,0.813104919,16.01713446,1.540315785,3.719892681,,soy,annual,2,N1-4,1,,16,5.6375,Conventional,Soy,,0.000967845,0.000853584,0.001082105,0.004626432,0.000430805
2018,0.305,2.027200735,8.993437939,,3.141686276,,soy,annual,1,N1-4,1,,16,5.6375,Conventional,Soy,,0.759295627,1.534338373,-0.015747119,,-0.000710159
2018,0.135559921,0.518569479,4.226255826,,,2.465467315,soy,annual,3,N1-4,1,,16,5.6375,Conventional,Soy,,-1.77E-06,-0.000574918,0.000571375,,
2018,0.204272363,0.810981734,5.539745119,,7.209051236,,soy,annual,5,N1-4,1,,16,5.6375,Conventional,Soy,,0.220977681,0.161412694,0.280542669,,
2018,0.241733181,0.49714137,11.63735742,0.403307018,6.972795488,18.7117678,soy,annual,4,N2-1,2,,1,5.6375,Conventional,Soy,,0.143451464,0.154193887,0.132709042,0.179433677,0.011954007
2018,0.197424893,0.75177533,10.95155625,5.25478483,3.921357353,,soy,annual,2,N2-1,2,,16,5.6375,Conventional,Soy,,0.004701819,-0.000178061,0.009581699,0.00043779,-4.06E-05
2018,0.31870229,1.626901674,18.72724729,4.330563469,6.136567571,,soy,annual,1,N2-1,2,,16,5.6375,Conventional,Soy,,0.750204447,1.51340241,-0.012993516,,-0.000711345
2018,0.156190476,0.630544834,9.981746433,0.108203563,3.92493778,50.40243762,soy,annual,3,N2-1,2,,16,5.6375,Conventional,Soy,,-3.63E-05,-0.000534171,0.000461608,,
2018,0.246734398,1.097790379,11.63735742,,8.241611897,,soy,annual,5,N2-1,2,,16,5.6375,Conventional,Soy,,0.257103707,0.197632726,0.316574688,,
2018,0.288401254,0.772135354,16.90118496,1.572963928,3.137528904,,soy,annual,1,N2-2,2,,16,5.6375,Conventional,Soy,,0.621542707,1.25753373,-0.014448316,0.430815975,-0.000392026
2018,0.243396226,0.864011827,10.38843579,0.18770779,7.26803572,9.96040486,soy,annual,4,N2-2,2,,1,5.6375,Conventional,Soy,,0.079145506,0.067381466,0.090909545,0.055843614,0.006401784
2018,0.207455429,0.426640859,13.36013494,,7.047624475,13.16391187,soy,annual,2,N2-2,2,,16,5.6375,Conventional,Soy,,0.010329914,0.001938226,0.018721603,0.002115698,-6.05E-05
2018,0.161676647,0.727454262,13.88622554,0.122169721,2.832041334,,soy,annual,3,N2-2,2,,16,5.6375,Conventional,Soy,,0.000257656,-8.80E-05,0.000603302,,
2018,0.215302491,1.054542779,10.38843579,,6.672046868,,soy,annual,5,N2-2,2,,16,5.6375,Conventional,Soy,,0.068064913,0.037222524,0.098907302,,
2018,0.232267038,1.039471861,14.68809791,0.095067645,7.331790813,49.1743104,soy,annual,4,N2-3,2,,1,5.6375,Conventional,Soy,,0.094296432,0.038593021,0.149999842,0.032313747,0.01130622
2018,0.183794466,0.495247865,12.9400969,0.934340837,5.920144366,,soy,annual,2,N2-3,2,,16,5.6375,Conventional,Soy,,0.002730305,0.00181371,0.003646899,0.001576751,-5.64E-05
2018,0.349665924,1.743989335,16.56095973,,5.260746638,,soy,annual,1,N2-3,2,,16,5.6375,Conventional,Soy,,2.145025082,1.906915354,2.38313481,,0.156767955
2018,0.133484163,0.851717778,12.67506194,0.091373976,5.337645984,1.94892721,soy,annual,3,N2-3,2,,16,5.6375,Conventional,Soy,,0.001047127,0.001268786,0.000825468,,
2018,0.238429173,1.023914029,14.68809791,,7.517643553,,soy,annual,5,N2-3,2,,16,5.6375,Conventional,Soy,,0.1421766,0.118319647,0.166033553,,
2018,0.318485523,0.934418538,17.79642579,1.37635684,4.410850167,,soy,annual,1,N2-4,2,,16,5.6375,Conventional,Soy,,2.04747886,2.048562813,2.046394907,0.733689309,0.112709937
2018,0.223862239,0.762373822,11.30159566,0.161337806,6.470831234,0.793230967,soy,annual,4,N2-4,2,,1,5.6375,Conventional,Soy,,0.201057933,0.189267253,0.212848612,0.186425261,0.02271399
2018,0.191528545,0.494195001,23.02539562,2.552460745,5.83343131,6.256079705,soy,annual,2,N2-4,2,,16,5.6375,Conventional,Soy,,0.002378935,0.001715684,0.003042185,0.004112311,0.000568363
2018,0.145129225,0.657961178,10.78600566,0.103563264,4.747226854,,soy,annual,3,N2-4,2,,16,5.6375,Conventional,Soy,,0.001377727,0.000195814,0.002559641,,
2018,0.198067633,0.878790078,11.30159566,,7.790170499,,soy,annual,5,N2-4,2,,16,5.6375,Conventional,Soy,,0.10124559,0.064445072,0.138046109,,
2018,0.338959212,2.22363592,19.75308236,7.680195352,6.772167421,12.57967496,soy,annual,1,N3-1,3,,16,5.6375,Conventional,Soy,,1.523908155,1.571262332,1.476553977,0.565557722,0.095156243
2018,0.250623441,0.955159822,15.86921249,0.436835017,6.877765664,22.32178458,soy,annual,4,N3-1,3,,1,5.6375,Conventional,Soy,,0.069306793,0.07390679,0.064706796,0.078766692,0.008256355
2018,0.202380952,0.244023232,16.187525,4.054380946,3.765133264,54.73694575,soy,annual,2,N3-1,3,,16,5.6375,Conventional,Soy,,-6.56E-05,-0.000298442,0.000167213,0.000381795,0.000324949
2018,0.151282051,0.628539864,16.64475903,0.079403277,1.372756616,15.23893638,soy,annual,3,N3-1,3,,16,5.6375,Conventional,Soy,,0.000425371,0.000639391,0.00021135,,
2018,0.249488753,0.836491602,15.86921249,,8.137911122,,soy,annual,5,N3-1,3,,16,5.6375,Conventional,Soy,,0.133283214,0.134359271,0.132207156,,
2018,0.285517241,1.105182063,26.7428555,5.802080542,2.428148295,48.89605864,soy,annual,1,N3-2,3,,16,5.6375,Conventional,Soy,,1.158472151,1.300250025,1.016694276,0.522388866,0.052388042
2018,0.252148997,1.128896044,21.63711583,0.609543569,7.700761568,83.74394482,soy,annual,4,N3-2,3,,1,5.6375,Conventional,Soy,,0.060583846,0.047086865,0.074080826,0.053824544,0.007805961
2018,0.197657394,0.493982374,19.17356555,,2.77119256,,soy,annual,2,N3-2,3,,16,5.6375,Conventional,Soy,,0.004528475,0.001576699,0.007480251,0.000841222,0.000933452
2018,0.155802862,0.749841481,21.68395557,0.229998401,3.329454991,,soy,annual,3,N3-2,3,,16,5.6375,Conventional,Soy,,9.19E-05,-1.52E-05,0.000199078,,
2018,0.246879334,0.74054237,21.63711583,,7.661199612,,soy,annual,5,N3-2,3,,16,5.6375,Conventional,Soy,,0.124416582,0.139581075,0.109252089,,
2018,0.333810888,0.988447824,34.86282189,1.145251422,2.946142288,,soy,annual,1,N3-3,3,,16,5.6375,Conventional,Soy,,1.827581457,1.53673423,2.118428683,0.480248112,0.115326461
2018,0.169657423,0.753107232,20.02671229,2.186398385,6.138119037,27.67958095,soy,annual,2,N3-3,3,,16,5.6375,Conventional,Soy,,0.006396622,0.00799897,0.004794275,0.009013129,0.001243676
2018,0.228013029,0.987053137,18.85450931,0.184759125,11.18525129,6.315658651,soy,annual,4,N3-3,3,,1,5.6375,Conventional,Soy,,0.061934612,0.010400515,0.11346871,0.006929533,0.010229159
2018,0.135775862,0.937611469,24.20842714,0.100408395,5.777258129,13.31027718,soy,annual,3,N3-3,3,,16,5.6375,Conventional,Soy,,0.002405303,1.27E-05,0.004797874,,
2018,0.246105919,0.93833161,18.85450931,,9.736856384,,soy,annual,5,N3-3,3,,16,5.6375,Conventional,Soy,,0.217137665,0.239724068,0.194551262,,
2018,0.324207493,1.788588466,21.28641088,1.583873718,3.772985921,2.250616146,soy,annual,1,N3-4,3,,16,5.6375,Conventional,Soy,,2.661027615,3.168736489,2.153318741,1.078651881,0.120207851
2018,0.231149567,0.735117645,17.42099031,0.229861551,5.46855857,,soy,annual,4,N3-4,3,,1,5.6375,Conventional,Soy,,0.173468449,0.110804059,0.23613284,0.13610347,0.021967498
2018,0.202772964,0.599867185,29.25876386,3.011954808,6.398309481,26.80983388,soy,annual,2,N3-4,3,,16,5.6375,Conventional,Soy,,0.002462939,0.001241112,0.003684765,0.001566859,0.001383366
2018,0.137037037,0.531238056,17.22443963,0.081794548,4.922461754,8.213038104,soy,annual,3,N3-4,3,,16,5.6375,Conventional,Soy,,0.000942061,-0.000410048,0.00229417,,
2018,0.20738975,0.938893128,17.42099031,,10.63352955,,soy,annual,5,N3-4,3,,16,5.6375,Conventional,Soy,,0.25425162,0.238701564,0.269801676,,
2018,0.339015152,1.979723061,27.97548882,18.6429358,5.882212028,,soy,annual,1,N4-1,4,,16,5.6375,Conventional,Soy,,2.625775056,2.448929734,2.802620379,1.047489729,0.254985849
2018,0.251564456,0.896912673,24.6450524,0.672633245,8.004967164,26.55885721,soy,annual,4,N4-1,4,,1,5.6375,Conventional,Soy,,0.106447348,0.080082887,0.132811809,0.073908796,0.017523173
2018,0.197718631,0.999244128,22.34680493,7.164152378,4.132990187,,soy,annual,2,N4-1,4,,16,5.6375,Conventional,Soy,,0.001071269,0.000831348,0.001311189,0.001440989,0.000403889
2018,0.151181102,0.834791137,22.78789849,0.370281399,3.935622001,34.40581091,soy,annual,3,N4-1,4,,16,5.6375,Conventional,Soy,,0.000420722,5.05E-05,0.000790985,,
2018,0.25,0.01969799,24.6450524,,2.00381634,,soy,annual,5,N4-1,4,,16,5.6375,Conventional,Soy,,0.207141684,0.214689772,0.199593597,,
2018,0.304012346,0.462602886,36.6537128,6.388452311,3.898380828,,soy,annual,1,N4-2,4,,16,5.6375,Conventional,Soy,,1.569580561,1.241746364,1.897414757,0.63281895,0.077024849
2018,0.246511628,1.010620365,32.77602613,0.340237288,5.342438927,0.63058158,soy,annual,4,N4-2,4,,1,5.6375,Conventional,Soy,,0.165122339,0.260992353,0.069252325,0.251990453,0.009145879
2018,0.203036053,0.531015666,24.86739806,,,,soy,annual,2,N4-2,4,,16,5.6375,Conventional,Soy,,0.007733077,0.004074222,0.011391933,0.005983346,0.002928741
2018,0.153988868,0.776092586,28.65371172,0.130503467,3.021779962,,soy,annual,3,N4-2,4,,16,5.6375,Conventional,Soy,,-0.000127233,-0.000605873,0.000351408,,
2018,0.25349087,0.898500522,32.77602613,,7.527686667,,soy,annual,5,N4-2,4,,16,5.6375,Conventional,Soy,,0.066719689,0.082724718,0.05071466,,
2018,0.318322981,2.371722567,38.71327625,5.145415349,4.818096808,,soy,annual,1,N4-3,4,,16,5.6375,Conventional,Soy,,1.992781266,2.166455236,1.819107296,0.743836952,0.078021904
2018,0.224592221,0.964535054,28.2322687,0.31140591,9.588146524,27.23071972,soy,annual,4,N4-3,4,,1,5.6375,Conventional,Soy,,0.020132272,0.022461569,0.017802975,0.011638067,0.002504226
2018,0.190740741,0.6118377,25.42792309,2.50017765,6.719352973,,soy,annual,2,N4-3,4,,16,5.6375,Conventional,Soy,,0.009764549,0.010172785,0.009356313,0.010072518,0.001147659
2018,0.130742049,0.848604877,25.88381645,0.091306349,5.099988319,,soy,annual,3,N4-3,4,,16,5.6375,Conventional,Soy,,0.000492629,0.00031095,0.000674308,,
2018,0.242693774,1.278097049,28.2322687,,8.909869166,,soy,annual,5,N4-3,4,,16,5.6375,Conventional,Soy,,0.18849335,0.17983721,0.19714949,,
2018,0.298418972,1.376192184,28.57720948,2.593561511,3.228489567,,soy,annual,1,N4-4,4,,16,5.6375,Conventional,Soy,,1.531666283,1.174311255,1.889021312,0.54198378,0.094953544
2018,0.216186253,1.009711839,25.69460356,0.339965734,8.187001828,,soy,annual,4,N4-4,4,,1,5.6375,Conventional,Soy,,0.181098917,0.170468027,0.191729808,0.157196067,0.017250027
2018,0.191424196,0.583781358,36.02693995,2.056792758,3.898807655,186.5210051,soy,annual,2,N4-4,4,,16,5.6375,Conventional,Soy,,0.00085631,0.000520093,0.001192526,0.00035719,0.000708555
2018,0.137566138,0.534723806,24.56905217,0.156089145,4.890799857,,soy,annual,3,N4-4,4,,16,5.6375,Conventional,Soy,,0.011312107,0.022097364,0.00052685,,
2018,0.211129296,0.82604643,25.69460356,,9.323502867,,soy,annual,5,N4-4,4,,16,5.6375,Conventional,Soy,,0.201707418,0.287263474,0.116151361,,
2018,0.350877193,2.49096949,40.76182029,4.555366604,4.001863253,120.4598686,soy,annual,1,N5-1,5,,16,5.6375,Conventional,Soy,,2.320633582,2.452146224,2.18912094,1.049775813,0.196676618
2018,0.24726477,0.900891314,29.83505161,0.244936993,8.891756057,,soy,annual,4,N5-1,5,,1,5.6375,Conventional,Soy,,0.056160114,0.034744472,0.077575757,0.051991703,0.013384298
2018,0.203219316,0.776985336,31.56922321,0.340003209,1.767676828,57.53051498,soy,annual,2,N5-1,5,,16,5.6375,Conventional,Soy,,0.004768662,0.001057882,0.008479442,0.000389713,0.000891699
2018,0.150387597,0.80193955,36.32375842,0.090344759,2.518979974,,soy,annual,3,N5-1,5,,16,5.6375,Conventional,Soy,,-0.000119401,-0.000378176,0.000139375,,
2018,0.25596817,0.942442879,29.83505161,,3.955902474,,soy,annual,5,N5-1,5,,16,5.6375,Conventional,Soy,,0.201596935,0.109147746,0.294046125,,
2018,0.315315315,0.680105386,48.27005468,1.822632944,3.726633264,60.7526602,soy,annual,1,N5-2,5,,16,5.6375,Conventional,Soy,,1.347856712,1.193103661,1.502609762,0.400566343,0.086475707
2018,0.247344461,1.014845642,57.19320585,0.410587665,8.432660855,,soy,annual,4,N5-2,5,,1,5.6375,Conventional,Soy,,0.105926761,0.025162076,0.186691446,0.025261825,0.023572022
2018,0.203319502,0.63473575,33.23727324,2.103870273,8.197801126,,soy,annual,2,N5-2,5,,16,5.6375,Conventional,Soy,,0.010866214,0.001078236,0.020654192,0.000545202,0.001030331
2018,0.149882904,0.600827977,46.41272387,0.199156173,2.488939229,,soy,annual,3,N5-2,5,,16,5.6375,Conventional,Soy,,0.000326914,0.000589383,6.44E-05,,
2018,0.248677249,1.095750976,57.19320585,,4.090144824,,soy,annual,5,N5-2,5,,16,5.6375,Conventional,Soy,,0.09151328,0.023072957,0.159953602,,
2018,0.339721254,1.070019273,61.95906139,2.617638044,6.924217138,57.23128257,soy,annual,1,N5-3,5,,16,5.6375,Conventional,Soy,,2.155477075,1.858623611,2.452330539,0.530964812,0.171882364
2018,0.207627119,1.155582285,33.19686939,0.308919696,11.55013896,1.852425813,soy,annual,4,N5-3,5,,1,5.6375,Conventional,Soy,,0.028170987,0.005242473,0.051099502,0.020972883,0.005728287
2018,0.18597561,1.012587148,32.39394183,5.771810741,7.590014925,52.4427137,soy,annual,2,N5-3,5,,16,5.6375,Conventional,Soy,,0.00328965,0.00172095,0.00485835,0.001584093,0.001217525
2018,0.122641509,0.956969794,38.63423379,0.288371713,7.356940443,16.66323032,soy,annual,3,N5-3,5,,16,5.6375,Conventional,Soy,,0.003739767,0.000596284,0.006883251,,
2018,0.234972678,0.909583651,33.19686939,,9.693087708,,soy,annual,5,N5-3,5,,16,5.6375,Conventional,Soy,,0.101724476,0.037361619,0.166087333,,
2018,0.318501171,0.863235303,47.90736837,1.95282576,6.42911901,37.07823086,soy,annual,1,N5-4,5,,16,5.6375,Conventional,Soy,,2.000392249,1.696645113,2.304139385,0.496040248,0.139472842
2018,0.227832512,1.174054656,46.11744931,0.284866701,7.127868456,43.00589939,soy,annual,4,N5-4,5,,1,5.6375,Conventional,Soy,,0.139763291,0.073660414,0.205866167,0.073336199,0.020714906
2018,0.195783133,1.072266855,37.54009789,5.084913667,4.381163021,,soy,annual,2,N5-4,5,,16,5.6375,Conventional,Soy,,0.001781007,0.001616237,0.001945777,8.06E-05,0.000877705
2018,0.135435993,0.623195253,32.26611329,0.217812459,2.894883612,24.6408677,soy,annual,3,N5-4,5,,16,5.6375,Conventional,Soy,,0.004414505,0.003964282,0.004864727,,
2018,0.213953488,1.072754034,46.11744931,,9.266580264,,soy,annual,5,N5-4,5,,16,5.6375,Conventional,Soy,,0.394135487,0.133782236,0.654488739,,
2018,0.33256351,1.85795671,48.79240915,2.005729825,1.864435996,161.0476443,soy,annual,1,N6-1,6,,16,5.6375,Conventional,Soy,,2.24573476,2.24822074,2.24324878,0.628934366,0.157182799
2018,0.256647399,0.918846424,44.7411274,0.030054986,9.200549865,27.71901437,soy,annual,4,N6-1,6,,1,5.6375,Conventional,Soy,,0.113004766,0.025344548,0.200664983,0.024762837,0.02509586
2018,0.184100418,0.504481621,24.3718115,3.295226538,5.545151152,,soy,annual,2,N6-1,6,,16,5.6375,Conventional,Soy,,0.009013515,0.013911424,0.004115606,0.005639313,0.00043132
2018,0.149105368,0.058681864,37.91382354,0.166627735,1.377512294,,soy,annual,3,N6-1,6,,16,5.6375,Conventional,Soy,,0.002330971,-7.10E-05,0.004732985,,
2018,0.250659631,0.615601497,44.7411274,,7.518696217,,soy,annual,5,N6-1,6,,16,5.6375,Conventional,Soy,,0.106564332,0.098745421,0.114383243,,
2018,0.307832423,0.596136219,54.50614981,2.414033692,4.951046584,20.9291821,soy,annual,1,N6-2,6,,16,5.6375,Conventional,Soy,,1.332181286,1.257096634,1.407265938,0.3680533,0.048860803
2018,0.247142857,0.308279626,46.01220398,0.141227759,8.480439749,12.3140125,soy,annual,4,N6-2,6,,1,5.6375,Conventional,Soy,,0.050896384,0.030025865,0.071766903,0.02978657,0.009200281
2018,0.198113208,1.297850807,31.0393722,12.05412293,7.197161497,19.35217955,soy,annual,2,N6-2,6,,16,5.6375,Conventional,Soy,,0.004267477,0.003063282,0.005471672,0.001288192,0.001059513
2018,0.151394422,0.698909421,47.8446021,0.169995448,2.610046589,14.0528818,soy,annual,3,N6-2,6,,16,5.6375,Conventional,Soy,,8.19E-05,-0.000713644,0.000877517,,
2018,0.249017038,0.867849096,46.01220398,,6.55483983,,soy,annual,5,N6-2,6,,16,5.6375,Conventional,Soy,,0.091824886,0.095810031,0.087839742,,
2018,0.320720721,0.815574406,53.2645032,1.791666218,3.745898991,58.10294975,soy,annual,1,N6-3,6,,16,5.6375,Conventional,Soy,,2.537675425,2.635244678,2.440106172,0.824649375,0.154171613
2018,0.221598878,1.014659896,41.25879768,0.283410594,9.961424063,30.0550986,soy,annual,4,N6-3,6,,1,5.6375,Conventional,Soy,,0.037780842,0.04132537,0.034236314,0.08808344,0.004185539
2018,0.185059423,0.573602166,34.32778473,2.684121119,5.523822468,39.6438185,soy,annual,2,N6-3,6,,16,5.6375,Conventional,Soy,,0.00252796,0.003732311,0.00132361,0.003817491,0.001066404
2018,0.124489796,0.829076649,43.73726897,,,48.75280615,soy,annual,3,N6-3,6,,16,5.6375,Conventional,Soy,,0.000567818,0.00048303,0.000652605,,
2018,0.237125749,0.252802006,41.25879768,,6.885187906,,soy,annual,5,N6-3,6,,16,5.6375,Conventional,Soy,,0.215672414,0.209921413,0.221423416,,
2018,0.296173045,0.741689745,57.76589818,2.514375162,6.084335994,106.8031769,soy,annual,1,N6-4,6,,16,5.6375,Conventional,Soy,,1.776270895,1.906677778,1.645864012,0.461468889,0.062836857
2018,0.230040595,0.943796284,42.70647069,0.25488716,7.614324545,11.4633043,soy,annual,4,N6-4,6,,1,5.6375,Conventional,Soy,,0.089769955,0.035982109,0.1435578,0.038267308,0.019400202
2018,0.188365651,0.629355942,40.06428541,2.710015869,5.312346475,139.9338156,soy,annual,2,N6-4,6,,16,5.6375,Conventional,Soy,,0.003129072,0.000672828,0.005585316,0.00138287,0.000862943
2018,0.14380531,0.688303584,36.15110976,0.199250651,3.550297192,16.97990524,soy,annual,3,N6-4,6,,16,5.6375,Conventional,Soy,,0.003100453,0.002109572,0.004091334,,
2018,0.215608466,0.697469542,42.70647069,,3.592429458,,soy,annual,5,N6-4,6,,16,5.6375,Conventional,Soy,,0.217186767,0.1859136,0.248459934,,
2018,0.340557276,1.031833635,58.06329198,1.606460617,4.043873028,,soy,annual,1,N7-1,7,,16,5.6375,Conventional,Soy,,2.188180045,2.357789859,2.01857023,0.917785564,0.1493952
2018,0.256838906,0.765579334,54.67497184,,,12.03268526,soy,annual,4,N7-1,7,,1,5.6375,Conventional,Soy,,0.091492809,0.050665976,0.132319642,0.04911001,0.026945575
2018,0.199637024,0.562280553,40.4847537,3.853466587,4.229038439,178.4496199,soy,annual,2,N7-1,7,,16,5.6375,Conventional,Soy,,0.000742515,0.001058496,0.000426535,0.001123205,0.000430352
2018,0.147275405,0.722460317,42.02926299,,,34.33759976,soy,annual,3,N7-1,7,,16,5.6375,Conventional,Soy,,0.001001339,0.000811017,0.001191662,,
2018,0.253275109,,54.67497184,,,,soy,annual,5,N7-1,7,,16,5.6375,Conventional,Soy,,0.136681135,0.078749671,0.194612599,,
2018,0.29537037,0.833188911,52.24765762,5.514199045,4.464449969,,soy,annual,1,N7-2,7,,16,5.6375,Conventional,Soy,,1.249087203,1.242526852,1.255647553,0.64811458,0.048889173
2018,0.248188406,1.22154525,64.78069392,0.512972994,7.130672692,66.51989975,soy,annual,4,N7-2,7,,1,5.6375,Conventional,Soy,,0.099389043,0.094960747,0.10381734,0.065578402,0.010717363
2018,0.212658228,0.726671161,56.00617217,2.266413787,7.278616305,,soy,annual,2,N7-2,7,,16,5.6375,Conventional,Soy,,0.002875213,0.002386493,0.003363933,0.000274679,0.001439797
2018,0.153846154,0.790630723,52.27347751,,2.882711623,,soy,annual,3,N7-2,7,,16,5.6375,Conventional,Soy,,0.000408755,0.000316356,0.000501154,,
2018,0.256084656,0.91709614,64.78069392,,10.33184408,,soy,annual,5,N7-2,7,,16,5.6375,Conventional,Soy,,0.037524945,0.019798292,0.055251598,,
2018,0.319128788,1.245957502,65.12305142,2.227659536,5.099282242,64.82488847,soy,annual,1,N7-3,7,,16,5.6375,Conventional,Soy,,2.534306142,2.660743407,2.407868876,0.938492782,0.105938265
2018,0.221238938,1.168009399,54.0297087,0.572093864,9.425735373,,soy,annual,4,N7-3,7,,1,5.6375,Conventional,Soy,,0.025053854,0.014431037,0.035676672,0.007691032,0.005120764
2018,0.18767507,0.57181478,47.34455525,,,149.5045137,soy,annual,2,N7-3,7,,16,5.6375,Conventional,Soy,,0.009222359,0.004458104,0.013986613,0.004180096,0.006146511
2018,0.129213483,0.850999277,42.7938759,0.298351288,4.910310668,17.75309012,soy,annual,3,N7-3,7,,16,5.6375,Conventional,Soy,,0.001260763,0.000848736,0.001672791,,
2018,0.24079602,0.686695434,54.0297087,,8.909050064,,soy,annual,5,N7-3,7,,16,5.6375,Conventional,Soy,,0.223062455,0.182385095,0.263739814,,
2018,0.291262136,1.185751437,64.40890908,3.017957861,5.317037548,62.55819076,soy,annual,1,N7-4,7,,16,5.6375,Conventional,Soy,,1.990957738,1.807262092,2.174653384,0.696452486,0.097303391
2018,0.230894309,1.01344793,57.59276405,0.416267198,8.292982993,,soy,annual,4,N7-4,7,,1,5.6375,Conventional,Soy,,0.132092883,0.085342805,0.17884296,0.082245867,0.027935645
2018,0.183066362,0.699680918,58.40681105,2.913424555,4.973543399,,soy,annual,2,N7-4,7,,16,5.6375,Conventional,Soy,,0.002908865,0.00404892,0.001768809,0.001244041,0.001071683
2018,0.131313131,0.780307131,41.54538706,0.438729254,5.91067698,37.24446043,soy,annual,3,N7-4,7,,16,5.6375,Conventional,Soy,,0.004499167,0.007531302,0.001467031,,
2018,0.195985832,0.948511247,57.59276405,,9.602411355,,soy,annual,5,N7-4,7,,16,5.6375,Conventional,Soy,,0.288086494,0.261072318,0.31510067,,
2018,0.336578581,1.585489114,67.64648753,4.221734629,5.633403252,71.14046449,soy,annual,1,N8-1,8,,16,5.6375,Conventional,Soy,,2.068750687,2.219710813,1.917790562,0.655394479,0.077505738
2018,0.248826291,0.931909069,55.86119741,0.375395127,8.128732495,,soy,annual,4,N8-1,8,,1,5.6375,Conventional,Soy,,0.047273306,0.027654625,0.066891988,0.036185957,0.006900967
2018,0.194092827,0.567177075,60.8340792,2.550176268,4.072331311,,soy,annual,2,N8-1,8,,16,5.6375,Conventional,Soy,,-0.002748569,0.00035591,-0.005853047,-0.000512366,0.000230194
2018,0.149193548,0.710994384,73.03098095,0.209468362,3.708907466,55.76422844,soy,annual,3,N8-1,8,,16,5.6375,Conventional,Soy,,0.000261905,-2.23E-05,0.000546138,,
2018,0.260227273,0.965047935,55.86119741,,9.467185483,,soy,annual,5,N8-1,8,,16,5.6375,Conventional,Soy,,0.123687166,0.10192297,0.145451362,,
2018,0.286023835,0.868348892,82.23058235,3.110935992,3.811423742,44.8718276,soy,annual,1,N8-2,8,,16,5.6375,Conventional,Soy,,1.356946031,1.08043677,1.633455292,0.397605675,0.050142142
2018,0.263033175,1.214907345,90.57725616,0.539457365,6.820226846,,soy,annual,4,N8-2,8,,1,5.6375,Conventional,Soy,,0.097642409,0.091089661,0.104195158,0.089909902,0.004777273
2018,0.195329087,0.680228329,68.94009085,3.134104979,5.55217577,,soy,annual,2,N8-2,8,,16,5.6375,Conventional,Soy,,0.003946039,0.005439573,0.002452505,0.003916156,0.001121581
2018,0.15719697,0.666054798,89.30496129,0.500256796,3.949580601,14.60871088,soy,annual,3,N8-2,8,,16,5.6375,Conventional,Soy,,0.000821326,0.001097295,0.000545357,,
2018,0.247987118,1.169223098,90.57725616,,9.631287064,,soy,annual,5,N8-2,8,,16,5.6375,Conventional,Soy,,0.033421743,0.023380833,0.043462652,,
2018,0.3125,1.592660036,79.58677686,3.75446885,4.31200475,37.54214072,soy,annual,1,N8-3,8,,16,5.6375,Conventional,Soy,,2.249031096,2.854935614,1.643126578,0.983826226,0.066802226
2018,0.220430108,1.198353768,60.40689933,0.698181475,10.09427162,,soy,annual,4,N8-3,8,,1,5.6375,Conventional,Soy,,0.025029263,0.010871465,0.039187061,0.005165059,0.001522592
2018,0.175438596,0.516734857,66.07329214,2.466627704,6.090331662,,soy,annual,2,N8-3,8,,16,5.6375,Conventional,Soy,,0.006880557,0.003462862,0.010298253,0.004649481,0.001138692
2018,0.127083333,1.118435393,63.68151086,0.536292619,3.853937018,55.56968607,soy,annual,3,N8-3,8,,16,5.6375,Conventional,Soy,,0.002385643,0.003168066,0.00160322,,
2018,0.248554913,1.109782906,60.40689933,,8.083598778,,soy,annual,5,N8-3,8,,16,5.6375,Conventional,Soy,,0.271774876,0.184051764,0.359497989,,
2018,0.328629032,0.89811792,87.56649719,2.295469865,4.814033802,50.2075848,soy,annual,1,N8-4,8,,16,5.6375,Conventional,Soy,,2.940295316,2.260440892,3.620149741,0.248258208,
2018,0.236596737,0.976531085,75.30531041,0.394139934,8.000783843,,soy,annual,4,N8-4,8,,1,5.6375,Conventional,Soy,,0.096410768,0.044166221,0.148655315,0.04734822,0.006998565
2018,0.181818182,0.678701211,83.20602946,2.13745255,3.112491906,,soy,annual,2,N8-4,8,,16,5.6375,Conventional,Soy,,0.002085321,0.001650446,0.002520196,0.000409614,0.001290153
2018,0.131782946,0.611637243,64.60207429,1.6170787,4.291845212,,soy,annual,3,N8-4,8,,16,5.6375,Conventional,Soy,,0.002189053,0.001135377,0.003242728,,
2018,0.215608466,0.844170395,75.30531041,,9.995559482,,soy,annual,5,N8-4,8,,16,5.6375,Conventional,Soy,,0.206939428,0.17151812,0.242360736,,
2016,0.167825223,0.351101517,1.38,,7.244107919,,corn,annual,,NT PG 11,,,,6.35,Conservation - residue,Corn,,0.000898293,0.000766159,0.001030426,0.000637506,0.000919325
2016,0.137760159,0.809627472,9.53,1.247485488,6.522069957,,corn,annual,,NT PG 12,,,,5.8,Conservation - residue,Corn,,0.00137583,0.0008521,0.001899561,-0.000395106,0.000838018
2016,0.165510406,1.203504399,1.09,0.369415258,8.866342384,3.863059066,corn,annual,,NT PG 13,,,,5.75,Conservation - residue,Corn,,0.002905158,0.001981948,0.003828368,0.001067121,0.001919543
2016,0.170634921,0.892477969,4.42,1.016654854,7.786427578,,corn,annual,,NT PG 14,,,,5.59,Conservation - residue,Corn,,0.001993267,0.001722683,0.002263852,0.000866126,0.001142486
2016,0.107920792,0.444359126,0.86,0.068315154,3.421752335,,corn,annual,,NT PG 21,,,,5.55,Conservation - no-till,Corn,,0.000535504,-4.27E-05,0.001113753,0.000108902,0.000313606
2016,0.140733399,1.10050134,0.54,0.478258053,13.72663277,3.181365709,corn,annual,,NT PG 22,,,,5.5,Conservation - no-till,Corn,,0.001239839,0.001023806,0.001455871,0.000303356,0.001536762
2016,0.149105368,0.487582076,0.37,0.039760666,2.119626886,1.942138919,corn,annual,,NT PG 23,,,,5.72,Conservation - no-till,Corn,,0.00094642,0.000715409,0.00117743,0.000209099,0.000479575
2016,0.156063618,0.604744809,0.44,0.092798172,3.124702546,4.275193911,corn,annual,,NT PG 24,,,,5.77,Conservation - no-till,Corn,,0.000326727,0.000682459,-2.90E-05,0.000278977,0.000455712
2016,0.118929633,0.388194024,0.34,0.048302296,1.658965019,1.700002336,soy,annual,,NT PG 31,,,,6.27,Conservation - residue,Soy,,0.000734551,0.001226052,0.00024305,0.000137549,0.000433281
2016,0.128230616,0.458761403,0.28,0.042236424,1.457133641,0.923104657,soy,annual,,NT PG 32,,,,6.16,Conservation - residue,Soy,,0.000637375,0.000738401,0.000536349,0.000257557,0.000349337
2016,0.132338308,0.539455508,0.35,0.086148991,4.881989894,3.20250464,soy,annual,,NT PG 33,,,,6.11,Conservation - residue,Soy,,0.00176769,0.00252304,0.00101234,1.48E-05,0.000352596
2016,0.147233202,0.562667827,0.69,0.112018261,3.874605131,4.367398322,soy,annual,,NT PG 34,,,,6.29,Conservation - residue,Soy,,0.001178164,0.001702066,0.000654261,0.000254092,0.000810538
2016,0.14612326,0.460430578,0.28,0.060453631,3.517039443,0.132459485,soy,annual,,NT PG 41,,,,5.56,Conservation - no-till,Soy,,0.000523411,0.000332215,0.000714607,6.62E-05,0.000229149
2016,0.156746032,0.376689538,0.68,0.059620864,3.398025964,,soy,annual,,NT PG 42,,,,5.38,Conservation - no-till,Soy,,0.001371465,0.000757689,0.00198524,0.000573525,0.000665009
2016,0.159563925,0.603782745,0.3,,3.68165231,,soy,annual,,NT PG 43,,,,5.84,Conservation - no-till,Soy,,0.000945638,0.000249864,0.001641413,0.000118547,0.000412789
2016,0.164193867,0.68169941,0.57,0.126801184,5.433165333,5.535505683,soy,annual,,NT PG 44,,,,5.43,Conservation - no-till,Soy,,0.001135205,0.000662259,0.001608151,0.000114234,0.000709895
2016,0.303696304,1.635501589,30.54,,,,corn,annual,,NT PP 11,,,,6.04,Conservation - residue,Corn,,0.073336676,0.092657576,0.054015776,0.070248595,0.019349934
2016,0.265432099,12.53320153,80.39,,,,corn,annual,,NT PP 12,,,,5.58,Conservation - residue,Corn,,0.42932151,0.043589531,0.815053488,0.028489904,
2016,0.279020234,11.2481116,80.91,,23.07886724,,corn,annual,,NT PP 13,,,,4.84,Conservation - residue,Corn,,0.013241885,0.006686342,0.019797428,0.002856776,0.003199395
2016,0.276243094,8.111543579,60.76,,2.0938059,,corn,annual,,NT PP 14,,,,4.94,Conservation - residue,Corn,,0.010198288,0.011617776,0.0087788,0.016987016,0.002100193
2016,0.244140625,49.50886061,99.4,,13.29431268,40.09329748,corn,annual,,NT PP 21,,,,4.45,Conservation - no-till,Corn,,0.00477936,0,0.009558719,,
2016,0.267281106,53.95668184,83.03,,21.9645649,41.95027246,corn,annual,,NT PP 22,,,,4.38,Conservation - no-till,Corn,,0.004868666,0.004353288,0.005384043,0.003473024,
2016,0.271889401,35.35766193,68.21,,,42.37138289,corn,annual,,NT PP 23,,,,4.76,Conservation - no-till,Corn,,0.004017051,0.003692091,0.004342012,0.001889775,
2016,0.3,66.57237134,102.28,,,,corn,annual,,NT PP 24,,,,5,Conservation - no-till,Corn,,0.010893347,0.011312073,0.010474622,0.007412793,
2016,0.25751073,0.445990063,10.7,1.51661587,2.063093817,24.4674551,soy,annual,,NT PP 31,,,,5.88,Conservation - residue,Soy,,0.017818884,0.018382653,0.017255115,0.00726183,0.001951357
2016,0.27582846,0.607143762,15.48,1.591461208,1.988328044,,soy,annual,,NT PP 32,,,,5.65,Conservation - residue,Soy,,0.01782221,0.014691783,0.020952637,0.009984841,0.001673399
2016,0.27184466,0.952397285,6.74,2.38048292,4.403238322,,soy,annual,,NT PP 33,,,,5.98,Conservation - residue,Soy,,0.080455392,0.06505395,0.095856833,0.056115529,0.011381072
2016,0.276923077,1.628596141,3.93,3.476069924,7.405323566,10.13872974,soy,annual,,NT PP 34,,,,6.25,Conservation - residue,Soy,,0.217474886,0.216813336,0.218136436,0.218051394,0.075583832
2016,0.272030651,0.462808693,15.29,3.934995635,3.214601207,,soy,annual,,NT PP 41,,,,4.88,Conservation - no-till,Soy,,0.02915382,0.027524362,0.030783278,0.005818465,0.001479521
2016,0.284623773,0.572161584,18.11,2.070775692,3.550936965,,soy,annual,,NT PP 42,,,,4.98,Conservation - no-till,Soy,,0.055498712,0.017632677,0.093364747,0.006632679,0.002269208
2016,0.297717842,0.529383032,4.32,,5.682487783,,soy,annual,,NT PP 43,,,,5.66,Conservation - no-till,Soy,,0.105466773,0.128384972,0.082548574,0.150551046,0.010970221
2016,0.302713987,1.206243579,11.07,1.90752237,4.369803133,13.6407447,soy,annual,,NT PP 44,,,,5.36,Conservation - no-till,Soy,,0.137981025,0.16362774,0.11233431,0.125816687,0.009078327
2017,0.173320351,1.141354383,3.51,,,,soy,annual,,PB AC 1,,pre2,,5.65,Conventional,Soy,,0.018436259,0.001463608,0.03540891,,
2017,0.191409897,1.491944703,4.07,15.2993115,,,soy,annual,,PB AC 1,,post2,,6.61,Conventional,Soy,,0.046284868,0.04798401,0.044585726,,
2017,0.167730173,0.864400791,1.85,,,,soy,annual,,PB AC 2,,pre2,,5.85,Conventional,Soy,,0.009886138,0.001273574,0.018498702,,
2017,0.18479307,1.328079447,0.88,5.087809846,,1.642466704,soy,annual,,PB AC 2,,post2,,6.58,Conventional,Soy,,0.017027998,0.012336467,0.02171953,,
2017,0.157994324,0.990027584,8.07,,,,soy,annual,,PB AC 3,,post2,,6.91,Conventional,Soy,,0.006793595,0.012869107,0.000718082,,
2017,0.158040665,1.014183514,2.83,5.526819368,,0.916463234,soy,annual,,PB AC 3,,pre2,,6.24,Conventional,Soy,,0.010443461,0.015173104,0.005713818,,
2017,0.156959526,0.92303169,5.66,,,,soy,annual,,PB AC 4,,post2,,5.48,Conventional,Soy,,0.007057322,0.012916495,0.001198149,,
2017,0.162921348,1.018913209,2.95,3.947048228,,,soy,annual,,PB AC 4,,pre2,,5.92,Conventional,Soy,,0.002901306,0.004316628,0.001485984,,
2017,0.098753595,2.681438303,1.05,,,,soy,annual,,PB AS 1,,pre1,,6.26,Conventional,Soy,,0.04424684,0.00390234,0.084591339,,
2017,0.182736455,1.497873914,1.81,7.316584063,,,soy,annual,,PB AS 1,,post1,,6.65,Conventional,Soy,,0.025000583,0.010024457,0.039976708,,
2017,0.178408051,1.092924078,2.8,6.695657047,,,soy,annual,,PB AS 2,,post1,,6.08,Conventional,Soy,,0.010299066,0.014625294,0.005972839,,
2017,0.178637201,1.133074628,2.02,1.561444786,,0.135161737,soy,annual,,PB AS 2,,pre1,,5.98,Conventional,Soy,,0.025374453,0.001862551,0.048886354,,
2017,0.168780488,0.752284347,6.48,,,,soy,annual,,PB AS 3,,post1,,6.37,Conventional,Soy,,0.001650426,0.001972476,0.001328377,,
2017,0.192913386,1.040315526,6.06,,,13.87314314,soy,annual,,PB AS 3,,pre1,,6.28,Conventional,Soy,,0.002348895,0.00303877,0.001659021,,
2017,0.150300601,0.843430461,3.87,9.164321617,,8.393868336,soy,annual,,PB AS 4,,pre1,,5.6,Conventional,Soy,,0.003425091,0.003724957,0.003125225,,
2017,0.176806084,0.784902644,5.9,,,,soy,annual,,PB AS 4,,post1,,6.32,Conventional,Soy,,0.017667923,0.003957964,0.031377882,,
2017,0.195413759,1.973110191,0.17,,,5.781747958,pv,perennial,,PB BC 1,,pre4,,6.77,Perennial,Switchgrass - new,,0.019754567,0.000755393,0.038753742,,
2017,0.204545455,1.351203264,0.16,3.573386696,,1.694655471,pv,perennial,,PB BC 1,,post4,,6.43,Perennial,Switchgrass - new,,0.026288277,0.036913678,0.015662877,,
2017,0.20411985,1.538999842,0.31,,,7.001783378,pv,perennial,,PB BC 2,,pre4,,6.8,Perennial,Switchgrass - new,,0.00938117,0.000573368,0.018188972,,
2017,0.218963832,1.068951693,0.23,,,4.668309876,pv,perennial,,PB BC 2,,post4,,6.81,Perennial,Switchgrass - new,,0.043556792,0.030194639,0.056918946,,
2017,0.128693994,0.736148171,0.09,2.22292113,,0.829769837,pv,perennial,,PB BC 3,,pre4,,6.55,Perennial,Switchgrass - new,,0.003301006,0.00604586,0.000556152,,
2017,0.180295567,1.043507897,0.14,,,,pv,perennial,,PB BC 3,,post4,,6.61,Perennial,Switchgrass - new,,0.004293011,0.004328686,0.004257337,,
2017,0.120689655,0.726211717,0.16,0.2998932,,,pv,perennial,,PB BC 4,,pre4,,6.19,Perennial,Switchgrass - new,,0.000388757,,0.000388757,,
2017,0.149308756,0.724774078,0.05,1.333128484,,,pv,perennial,,PB BC 4,,post4,,5.77,Perennial,Switchgrass - new,,0.00094749,0.00094125,0.00095373,,
2017,0.172191529,1.172543568,0.14,2.118976307,,0.979444802,pv,perennial,,PB BS 1,,pre3,,6.69,Perennial,Switchgrass - new,,0.000265139,2.65E-05,0.000503729,,
2017,0.200197239,1.169944081,0.13,0.96565995,,1.095781473,pv,perennial,,PB BS 1,,post3,,6.2,Perennial,Switchgrass - new,,0.001705742,0.001705742,,,
2017,0.198830409,1.426694833,0.2,,,,pv,perennial,,PB BS 2,,pre3,,6.77,Perennial,Switchgrass - new,,0.005771548,2.16E-06,0.01154094,,
2017,0.236176195,1.837660329,0.21,2.94762599,,1.54534652,pv,perennial,,PB BS 2,,post3,,6.84,Perennial,Switchgrass - new,,0.056183379,0.070580506,0.041786252,,
2017,0.128846154,0.869522374,0.05,1.154777531,,,pv,perennial,,PB BS 3,,pre3,,6.5,Perennial,Switchgrass - new,,0.000486899,0.000607301,0.000366497,,
2017,0.174757282,0.779785104,0.09,0.904623394,,0.561205107,pv,perennial,,PB BS 3,,post3,,6.65,Perennial,Switchgrass - new,,0.006532296,0.007402814,0.005661779,,
2017,0.117813384,0.783374215,0.05,1.089776795,,0.396375217,pv,perennial,,PB BS 4,,pre3,,5.76,Perennial,Switchgrass - new,,0.001117466,0.000825156,0.001409775,,
2017,0.14893617,0.959314063,0.07,0.99942251,,0.619088764,pv,perennial,,PB BS 4,,post3,,6.11,Perennial,Switchgrass - new,,0.001220886,0.00159015,0.000851622,,
2016,0.173831776,0.708936395,0.94,0.322275713,7.838586959,0.347054377,corn,annual,,PB PG 11,,,,5.79,Conventional,Soy,,0.03548507,0.047764929,0.02320521,,
2016,0.181996086,0.748079947,0.77,,8.895323157,,corn,annual,,PB PG 12,,,,6.24,Conventional,Soy,,0.006070955,0.004402224,0.007739685,,
2016,0.202678571,0.730387316,0.56,,5.897863767,,corn,annual,,PB PG 13,,,,5.58,Conventional,Soy,,0.093400786,0.097491482,0.08931009,,
2016,0.19793621,0.620886421,0.53,,5.354206295,,corn,annual,,PB PG 14,,,,6.11,Conventional,Soy,,0.062453866,0.044826985,0.080080748,,
2016,0.167473379,0.77178773,0.75,,8.713937358,,corn,annual,,PB PG 21,,,,5.56,Conventional,Soy,,0.002439977,0.023599357,-0.018719403,,
2016,0.160493827,0.66078813,0.62,0.208912545,3.546941416,1.031968746,corn,annual,,PB PG 22,,,,5.73,Conventional,Soy,,0.003110048,0.000949437,0.005270659,,
2016,0.141618497,1.064091877,0.54,,5.487999504,,corn,annual,,PB PG 23,,,,6.32,Conventional,Soy,,0.161423158,0.200228429,0.122617888,,
2016,0.148496241,0.871166517,0.52,,8.148683892,,corn,annual,,PB PG 24,,,,6.13,Conventional,Soy,,0.085664322,0.130523397,0.040805248,,
2016,0.207816969,1.215310331,0.15,,8.172544128,,pv,perennial,,PB PG 31,,,,6.31,Perennial,Switchgrass - new,,0.333029407,0.584733522,0.081325291,,
2016,0.215897939,1.657974597,0.33,,22.82381154,,pv,perennial,,PB PG 32,,,,6.24,Perennial,Switchgrass - new,,0.193856133,0.278907144,0.108805123,,
2016,0.233366435,1.044381193,0.41,,13.46251882,,pv,perennial,,PB PG 33,,,,6.21,Perennial,Switchgrass - new,,0.496921583,0.322276235,0.671566932,,
2016,0.217270195,0.866677859,0.33,,5.78201629,,pv,perennial,,PB PG 34,,,,6.4,Perennial,Switchgrass - new,,0.19080623,0.248002254,0.133610205,,
2016,0.19902439,1.155140615,0.11,,72.51829767,,pv,perennial,,PB PG 41,,,,5.63,Perennial,Switchgrass - new,,0.270313016,0.403923721,0.136702311,,
2016,0.207509881,0.805609326,0.32,,10.09224246,,pv,perennial,,PB PG 42,,,,6,Perennial,Switchgrass - new,,0.282507894,0.377041343,0.187974445,,
2016,0.231939163,1.1359593,0.47,,12.82959813,,pv,perennial,,PB PG 43,,,,6.77,Perennial,Switchgrass - new,,0.259115692,0.428439372,0.089792012,,
2016,0.204379562,1.086775606,0.31,,11.97878167,,pv,perennial,,PB PG 44,,,,6.71,Perennial,Switchgrass - new,,0.127587131,0.190982467,0.064191796,,
2016,0.246376812,35.86316151,27.77445693,,,,,,,PB pp 11,,,,,Conventional,Corn,,0.106145608,0.152853789,0.059437427,,
2016,0.248560461,37.20672773,53.5238514,,,,,,,PB pp 12,,,,,Conventional,Corn,,0.069116373,0.092691374,0.045541373,,
2016,0.254288597,67.16398907,26.55738408,,,,,,,PB pp 13,,,,,Conventional,Corn,,0.172795836,0.226612177,0.118979495,,
2016,0.265811182,65.48935811,27.76884064,,,,,,,PB pp 14,,,,,Conventional,Corn,,0.730666568,0.851875657,0.609457479,,
2016,0.265198238,15.16737938,37.73433569,,,,,,,PB pp 21,,,,,Conventional,Corn,,0.222335981,0.255991198,0.188680764,,
2016,0.248606466,38.28975852,44.81375104,,,,,,,PB pp 22,,,,,Conventional,Corn,,0.310182469,0.363451427,0.25691351,,
2016,0.286324786,76.61355555,31.44705903,,,,,,,PB pp 23,,,,,Conventional,Corn,,0.511774496,0.647931418,0.375617575,,
2016,0.199226306,114.7124194,29.76068464,,,,,,,PB pp 24,,,,,Conventional,Corn,,1.330888454,1.752616125,0.909160782,,
2016,0.223474178,0.820081329,0.060321397,,,,,,,PB pp 31,,,,,Perennial,Switchgrass - new,,0.002966214,0.007472662,-0.001540234,,
2016,0.253241141,1.442972237,0.16178734,,,,,,,PB pp 32,,,,,Perennial,Switchgrass - new,,0.057967478,0.088708878,0.027226078,,
2016,0.306347746,1.828321124,0.140190938,,,,,,,PB pp 33,,,,,Perennial,Switchgrass - new,,0.081701792,0.136150396,0.027253188,,
2016,0.29428848,1.928880211,0.1556538,,,,,,,PB pp 34,,,,,Perennial,Switchgrass - new,,0.013819042,0.022465435,0.00517265,,
2016,0.202898551,0.737607417,0.162242302,,,,,,,PB pp 41,,,,,Perennial,Switchgrass - new,,0.022892799,0.013176959,0.032608638,,
2016,0.249769585,0.718250719,0.08332727,,,,,,,PB pp 42,,,,,Perennial,Switchgrass - new,,0.073843424,0.126102253,0.021584595,,
2016,0.310208127,1.940264678,0.154553084,,,,,,,PB pp 43,,,,,Perennial,Switchgrass - new,,0.068292766,0.11091302,0.025672512,,
2016,0.179001721,0.932316851,0.318167899,,,,,,,PB pp 44,,,,,Perennial,Switchgrass - new,,0.010214966,0,0.020429932,,
